Composition (A.M.%);S-to-L Ratio (%);Comma gap (Âµm);Viscosity (Pas);Mass Loading (mg cm-2) ;Porosity (%);
96;73,2910125391767;50;3,1;7,50869833656107;56,6334078741329;
96;73,2910125391767;50;3,1;7,57960200357298;57,2612510308586;
96;73,2910125391767;50;3,1;6,94146900046581;57,9712287967086;
96;73,2910125391767;50;3,1;7,43779466954916;53,910625399123;
96;73,2910125391767;50;3,1;7,22508366851344;56,254016490139;
96;73,2910125391767;50;3,1;7,22508366851344;55,5757841876606;
96;73,2910125391767;50;3,1;7,50869833656107;54,9948716477148;
96;73,2910125391767;50;3,1;7,36689100253725;54,703866311069;
96;73,2910125391767;200;6,35;27,3617250998953;47,3665751741412;
96;73,2910125391767;200;6,35;29,7724497783002;46,6134934290255;
96;73,2910125391767;200;6,35;27,2908214328834;49,1473528578959;
96;73,2910125391767;200;6,35;27,8580507689787;51,1506563939347;
96;73,2910125391767;200;6,35;26,9363030978239;48,184923318622;
96;73,2910125391767;200;6,35;27,1490140988596;47,7757492463816;
96;73,2910125391767;200;6,35;26,7944957638001;48,0376384379595;
96;73,2910125391767;200;6,35;27,3617250998953;46,9376149066118;
96;73,2910125391767;300;7,61;43,2441465105628;46,6009574714211;
96;73,2910125391767;300;7,61;41,8260731703246;46,4051519816035;
96;73,2910125391767;300;7,61;41,1879401672174;47,222839101735;
96;73,2910125391767;300;7,61;41,8969768373365;48,2644790455202;
96;73,2910125391767;300;7,61;41,9678805043484;48,1769252784623;
96;73,2910125391767;300;7,61;41,7551695033127;47,3466260407834;
96;73,2910125391767;300;7,61;41,7551695033127;45,9134912024814;
96;73,2910125391767;300;7,61;42,8896281755032;46,2011732172013;
96;73,2910125391767;400;8,62;52,0362012200394;47,9088125858186;
96;73,2910125391767;400;8,62;52,6034305561347;48,4258420451286;
96;73,2910125391767;400;8,62;53,0288525582061;47,1375039752008;
96;73,2910125391767;400;8,62;53,7378892283252;45,9780569909589;
96;73,2910125391767;400;8,62;53,1706598922299;46,9961415042159;
96;73,2910125391767;400;8,62;53,5960818943013;46,1206139061431;
96;73,2910125391767;400;8,62;52,319815888087;48,9143960114932;
96;73,2910125391767;400;8,62;53,099756225218;46,8441337314615;
96;71,0461751422902;50;2,64;6,72639260125429;56,3635414413895;
96;71,0461751422902;50;2,64;7,15166505233465;53,6046504893171;
96;71,0461751422902;50;2,64;7,43518001972155;54,2581345649587;
96;71,0461751422902;50;2,64;7,0099075686412;56,8744471732547;
96;71,0461751422902;50;2,64;6,58463511756084;54,8211067304326;
96;71,0461751422902;50;2,64;6,79727134310102;55,9037262827107;
96;71,0461751422902;50;2,64;7,43518001972155;54,2581345649587;
96;71,0461751422902;50;2,64;7,2934225360281;55,1302387677241;
96;71,0461751422902;200;5,33;25,7218954161769;49,2625020397562;
96;71,0461751422902;200;5,33;25,3675017069432;48,2464445399839;
96;71,0461751422902;200;5,33;26,5015615764908;48,450625952941;
96;71,0461751422902;200;5,33;26,6433190601843;48,3015988915481;
96;71,0461751422902;200;5,33;26,1471678672572;47,554614138648;
96;71,0461751422902;200;5,33;26,0054103835638;49,1247586762904;
96;71,0461751422902;200;5,33;25,7927741580236;49,1226908026103;
96;71,0461751422902;200;5,33;25,1548654814031;49,5449513629878;
96;71,0461751422902;300;6,39;39,1179776252081;47,8823061614738;
96;71,0461751422902;300;6,39;39,5432500762884;47,6088859939583;
96;71,0461751422902;300;6,39;37,9839177556605;48,8204390052717;
96;71,0461751422902;300;6,39;39,4723713344417;48,8415461591607;
96;71,0461751422902;300;6,39;36,5663429187259;48,6981490789728;
96;71,0461751422902;300;6,39;39,9685225273688;47,6283187406343;
96;71,0461751422902;300;6,39;37,7712815301203;49,1069452246861;
96;71,0461751422902;300;6,39;39,6141288181352;46,9242633471627;
96;71,0461751422902;400;7,31;50,0333038696039;47,4538367765107;
96;71,0461751422902;400;7,31;51,3091212228449;47,0482483893013;
96;71,0461751422902;400;7,31;51,3091212228449;47,7279884613257;
96;71,0461751422902;400;7,31;50,529455062531;47,6258523420566;
96;71,0461751422902;400;7,31;49,8206676440637;48,1347199221928;
96;71,0461751422902;400;7,31;51,5217574483851;49,0378282278408;
96;71,0461751422902;400;7,31;50,3168188369908;46,9219491889275;
96;71,0461751422902;400;7,31;51,5926361902319;46,847814963729;
95;67,7085193784604;50;2,64;6,79210881684904;56,274734756784;
95;67,7085193784604;50;2,64;7,00682247807714;55,9387903134387;
95;67,7085193784604;50;2,64;6,6489663760303;56,623993833224;
95;67,7085193784604;50;2,64;6,36268149439283;57,2338075350826;
95;67,7085193784604;50;2,64;6,79210881684904;57,0676799814019;
95;67,7085193784604;50;2,64;6,86368003725841;56,7273898253717;
95;67,7085193784604;50;2,64;7,22153613930525;55,6180776080789;
95;67,7085193784604;50;2,64;7,22153613930525;58,9286172736767;
95;67,7085193784604;200;5,97;26,0447671069691;47,8276718182273;
95;67,7085193784604;200;5,97;26,0447671069691;48,0409683357325;
95;67,7085193784604;200;5,97;25,6869110049222;48,0755818778893;
95;67,7085193784604;200;5,97;26,3310519886065;48,890696764512;
95;67,7085193784604;200;5,97;26,5457656498347;48,5148903034854;
95;67,7085193784604;200;5,97;26,6889080906534;48,6049587853039;
95;67,7085193784604;200;5,97;25,9016246661503;48,4949906238023;
95;67,7085193784604;200;5,97;26,4026232090159;48,9952345388672;
95;67,7085193784604;300;7,25;37,1383062704212;47,0720149896281;
95;67,7085193784604;300;7,25;36,4225940663275;47,3227835010471;
95;67,7085193784604;300;7,25;36,8520213887837;47,6329575444686;
95;67,7085193784604;300;7,25;36,4941652867368;47,5302953187178;
95;67,7085193784604;300;7,25;36,3510228459181;47,4262954218546;
95;67,7085193784604;300;7,25;35,6353106418244;47,2097185675117;
95;67,7085193784604;300;7,25;37,3530199316492;47,8026436603874;
95;67,7085193784604;300;7,25;37,6393048132867;47,7616139871599;
96;70,835317325352;50;2,46;7,3699072341843;54,9215106512443;
96;70,835317325352;50;2,46;7,65920683120822;54,8913981730553;
96;70,835317325352;50;2,46;7,44223213344028;54,8275049693345;
96;70,835317325352;50;2,46;7,15293253641637;55,678970649476;
96;70,835317325352;50;2,46;7,15293253641637;56,1358884778319;
96;70,835317325352;50;2,46;6,71898314088049;56,5577144063268;
96;70,835317325352;50;2,46;7,00828273790441;55,4141607489535;
96;70,835317325352;50;2,46;7,51455703269627;55,188712412592;
96;70,835317325352;200;5,38;28,9950521117222;47,0536030178158;
96;70,835317325352;200;5,38;28,6334276154423;47,5125371409774;
96;70,835317325352;200;5,38;28,1271533206504;47,1790632016362;
96;70,835317325352;200;5,38;28,6334276154423;47,4720687810244;
96;70,835317325352;200;5,38;28,5611027161863;47,197637066312;
96;70,835317325352;200;5,38;28,7780774139542;46,7965049093075;
96;70,835317325352;200;5,38;27,5485541266026;47,0109609048604;
96;70,835317325352;200;5,38;29,2120268094901;47,2244401261574;
96;70,835317325352;300;6,25;40,9286604889588;47,274880887197;
96;70,835317325352;300;6,25;41,4349347837506;47,1944858763623;
96;70,835317325352;300;6,25;41,3626098844946;47,845358148661;
96;70,835317325352;300;6,25;40,9286604889588;48,7456342098173;
96;70,835317325352;300;6,25;41,2902849852387;47,378830488419;
96;70,835317325352;300;6,25;41,5072596830066;46,8174579622044;
96;70,835317325352;300;6,25;41,5795845822626;47,848146410363;
96;70,835317325352;300;6,25;39,988436798631;46,7564740001493;
96;70,835317325352;400;7,26;51,4157708810758;46,9719458917165;
96;70,835317325352;400;7,26;52,6452941684274;45,9382055896229;
96;70,835317325352;400;7,26;51,7050704780997;46,2072306037474;
96;70,835317325352;400;7,26;52,6452941684274;47,302828082102;
96;70,835317325352;400;7,26;54,236441952059;45,9375521798694;
96;70,835317325352;400;7,26;54,8150411461068;46,128150140648;
96;70,835317325352;400;7,26;53,0792435639633;45,9590535639824;
96;70,835317325352;400;7,26;53,6578427580112;46,5142951890187;
95;65,0244798041616;50;1,71;5,43236557255801;59,5925557608545;
95;65,0244798041616;50;1,71;5,28922023467769;58,7718781479963;
95;65,0244798041616;50;1,71;5,00292955891706;60,3703798761299;
95;65,0244798041616;50;1,71;5,50393824149817;58,9349801351039;
95;65,0244798041616;50;1,71;5,21764756573753;59,199415531103;
95;65,0244798041616;50;1,71;5,50393824149817;59,4312341515981;
95;65,0244798041616;50;1,71;5,21764756573753;60,7105482892103;
95;65,0244798041616;50;1,71;4,9313568899769;59,7615277164859;
95;65,0244798041616;200;3,73;22,1087974356149;48,4813259749;
95;65,0244798041616;200;3,73;23,1823874697172;47,5330719063089;
95;65,0244798041616;200;3,73;24,6138408485204;48,9355916729381;
95;65,0244798041616;200;3,73;23,1823874697172;47,4843560956369;
95;65,0244798041616;200;3,73;22,0372247666747;48,6481070497627;
95;65,0244798041616;200;3,73;24,0412594969991;47,3002822016402;
95;65,0244798041616;200;3,73;23,0392421318369;48,2887682481725;
95;65,0244798041616;200;3,73;22,3950881113755;49,7345622393699;
95;65,0244798041616;300;4,31;31,6995350735961;48,6800909453402;
95;65,0244798041616;300;4,31;32,9878431145189;49,2865412210237;
95;65,0244798041616;300;4,31;32,7015524387583;48,7580090297301;
95;65,0244798041616;300;4,31;32,558407100878;49,2106519373736;
95;65,0244798041616;300;4,31;32,2721164251173;48,4374189728732;
95;65,0244798041616;300;4,31;31,9142530804165;49,3409484049993;
95;65,0244798041616;300;4,31;31,5563897357157;48,5705655480229;
95;65,0244798041616;300;4,31;32,128971087237;49,3297856123723;
95;65,0244798041616;400;4,98;42,7932987593206;48,1345406460647;
95;65,0244798041616;400;4,98;43,5090254487222;48,6447181745115;
95;65,0244798041616;400;4,98;43,5090254487222;48,1682775716383;
95;65,0244798041616;400;4,98;42,9364440972009;48,3968427338747;
95;65,0244798041616;400;4,98;42,0059994009788;48,4744333633596;
95;65,0244798041616;400;4,98;42,8648714282607;48,9854685537302;
95;65,0244798041616;400;4,98;40,5745460221757;48,894188780252;
95;65,0244798041616;400;4,98;42,7932987593206;48,3653958063937;
96;68,9227205030614;50;1,71;9,3223752365391;54,9128474015358;
96;68,9227205030614;50;1,71;8,88844000442712;55,6597131551636;
96;68,9227205030614;50;1,71;9,17773015916844;54,2165793278297;
96;68,9227205030614;50;1,71;8,96076254311245;54,3417333321274;
96;68,9227205030614;50;1,71;9,03308508179778;54,9381462414967;
96;68,9227205030614;50;1,71;9,17773015916844;54,2165793278297;
96;68,9227205030614;50;1,71;9,3223752365391;54,4499402906686;
96;68,9227205030614;50;1,71;8,88844000442712;55,6597131551636;
96;68,9227205030614;200;3,54;27,6199775239277;49,7149292788315;
96;68,9227205030614;200;3,54;27,7646226012984;48,7457138476444;
96;68,9227205030614;200;3,54;26,3181718275918;49,7795503831637;
96;68,9227205030614;200;3,54;27,7646226012984;49,4515877196737;
96;68,9227205030614;200;3,54;27,692300062613;50,7145242023359;
96;68,9227205030614;200;3,54;28,1985578334104;49,8135100195633;
96;68,9227205030614;200;3,54;27,3306873691864;50,6194285520661;
96;68,9227205030614;200;3,54;27,692300062613;49,3896458206783;
94;60,0149788463633;75;1,62;8,06624302856114;54,8579308515504;
94;60,0149788463633;75;1,62;8,4203362256007;55,8400333934739;
94;60,0149788463633;75;1,62;8,06624302856114;55,0590091105635;
94;60,0149788463633;75;1,62;8,06624302856114;53,8249315575355;
94;60,0149788463633;75;1,62;8,63279214382444;52,7444560864628;
94;60,0149788463633;75;1,62;8,27869894678488;53,6689386878511;
94;60,0149788463633;75;1,62;8,13706166796905;54,4616001303173;
94;60,0149788463633;75;1,62;8,20788030737697;54,5733969598687;
94;60,0149788463633;200;2,82;19,1847694156033;48,6160614616977;
94;60,0149788463633;200;2,82;19,2555880550112;48,5915064811466;
94;60,0149788463633;200;2,82;19,2555880550112;49,3483086990898;
94;60,0149788463633;200;2,82;18,7598575791558;49,1001739691679;
94;60,0149788463633;200;2,82;18,8306762185637;48,9080266455332;
94;60,0149788463633;200;2,82;19,6804998914587;49,0871588195318;
94;60,0149788463633;200;2,82;19,2555880550112;48,8643753427117;
94;60,0149788463633;200;2,82;20,0345930884982;48,7016206924578;
94;60,0149788463633;300;3,27;28,8869230144872;48,821886945915;
94;60,0149788463633;300;3,27;28,8869230144872;48,1238365883934;
94;60,0149788463633;300;3,27;28,249555259816;49,1223490706643;
94;60,0149788463633;300;3,27;28,1079179810002;48,0688792643539;
94;60,0149788463633;300;3,27;28,3911925386318;48,977459191358;
94;60,0149788463633;300;3,27;28,6036484568555;48,261130655963;
94;60,0149788463633;300;3,27;28,6036484568555;49,3237561594878;
94;60,0149788463633;300;3,27;28,6036484568555;48,7429396111725;
94;60,0149788463633;400;3,78;36,9602479069891;48,5477370478775;
94;60,0149788463633;400;3,78;37,4559783828445;48,4315710777642;
94;60,0149788463633;400;3,78;37,2435224646208;48,7240749287128;
94;60,0149788463633;400;3,78;36,6769733493575;47,4807800827709;
94;60,0149788463633;400;3,78;37,9517088586999;49,1483909060307;
94;60,0149788463633;400;3,78;37,5267970222524;48,3340697941147;
94;60,0149788463633;400;3,78;36,6061547099496;48,7555023150486;
94;60,0149788463633;400;3,78;35,9687869552784;48,1983426186026;
96;66,9076305220884;50;1,36;8,16591227940794;54,5034424603699;
96;66,9076305220884;50;1,36;7,51495381603619;54,9663123512046;
96;66,9076305220884;50;1,36;7,44262509788377;53,2815274417193;
96;66,9076305220884;50;1,36;7,44262509788377;53,5267687674845;
96;66,9076305220884;50;1,36;8,09358356125553;53,2646670571876;
96;66,9076305220884;50;1,36;8,23824099756036;53,9927160413018;
96;66,9076305220884;50;1,36;7,37029637973135;54,6919167891343;
96;66,9076305220884;50;1,36;7,80426868864586;54,2692965898886;
96;66,9076305220884;75;1,64;11,5653620325716;51,0418928333803;
96;66,9076305220884;75;1,64;10,3357738239805;51,5005582269762;
96;66,9076305220884;75;1,64;9,75714407876113;51,5393866324507;
96;66,9076305220884;75;1,64;10,1911163876756;51,6066443414046;
96;66,9076305220884;75;1,64;10,8420748510474;51,055546000367;
96;66,9076305220884;75;1,64;11,3483758781143;51,1785939662022;
96;66,9076305220884;75;1,64;10,4081025421329;50,1784911953593;
96;66,9076305220884;75;1,64;10,5527599784377;51,6272915802059;
96;66,9076305220884;200;2,78;25,5971333541406;49,2105102231749;
96;66,9076305220884;200;2,78;23,1379569369584;48,889396708469;
96;66,9076305220884;200;2,78;25,7417907904454;50,2512233660601;
96;66,9076305220884;200;2,78;25,4524759178357;49,413155849251;
96;66,9076305220884;200;2,78;24,5122025818543;50,0295588794663;
96;66,9076305220884;200;2,78;26,2480918175123;48,6891911953462;
96;66,9076305220884;200;2,78;26,537406690122;48,9623719456774;
96;66,9076305220884;200;2,78;25,3801471996833;48,4809048195706;
96;66,9076305220884;300;3,21;35,2168528684121;48,1865840808899;
96;66,9076305220884;300;3,21;35,8678113317839;48,0323083958274;
96;66,9076305220884;300;3,21;36,0124687680887;48,605221710847;
96;66,9076305220884;300;3,21;36,4464410770032;49,6179356246843;
96;66,9076305220884;300;3,21;35,2891815865645;48,080169178612;
96;66,9076305220884;300;3,21;35,2891815865645;48,3992830742567;
96;66,9076305220884;300;3,21;35,9401400499363;48,1485612425502;
96;66,9076305220884;300;3,21;35,5061677410218;49,0219763855555;
96;66,9076305220884;400;3,71;47,7297211087804;48,3154735005355;
96;66,9076305220884;400;3,71;47,8020498269328;48,7041147423064;
96;66,9076305220884;400;3,71;47,9467072632376;48,3157574035915;
96;66,9076305220884;400;3,71;47,9467072632376;48,292328463158;
96;66,9076305220884;400;3,71;48,01903598139;48,2377905268433;
96;66,9076305220884;400;3,71;46,7171190546465;48,7116362890834;
96;66,9076305220884;400;3,71;47,6573923906279;48,6276249105845;
96;66,9076305220884;400;3,71;46,8617764909514;48,5528242014199;
96;68,7861271676301;300;2,7;38,4710911809933;46,3811173899525;
96;68,7861271676301;300;2,7;37,8924697682316;45,8228236275814;
96;68,7861271676301;300;2,7;37,2415206788747;46,5285854190693;
96;68,7861271676301;300;2,7;37,5308313852555;46,1131928023987;
96;68,7861271676301;300;2,7;37,0968653256842;45,7541603087336;
96;68,7861271676301;300;2,7;37,0968653256842;45,4186882017993;
96;68,7861271676301;300;2,7;38,037125121422;45,386255723225;
96;68,7861271676301;300;2,7;37,3861760320651;45,665066131024;
96;68,7861271676301;400;3,05;47,5120507553948;46,3516936177842;
96;68,7861271676301;400;3,05;47,8736891383708;46,1986946128447;
96;68,7861271676301;400;3,05;47,2950677256091;45,2986133335142;
96;68,7861271676301;400;3,05;48,1629998447517;46,3801267803318;
96;68,7861271676301;400;3,05;47,58437843199;46,2700247086927;
96;68,7861271676301;400;3,05;47,0780846958235;45,8130028066794;
96;68,7861271676301;400;3,05;46,9334293426331;45,9795014921712;
96;68,7861271676301;400;3,05;47,2950677256091;46,0849293852606;
96;72,8508478043506;300;7,88;45,050522784598;44,9437972713573;
96;72,8508478043506;300;7,88;45,629113541183;44,8036903228019;
96;72,8508478043506;300;7,88;44,0379889605743;45,9033678505421;
96;72,8508478043506;300;7,88;44,6165797171593;44,3304190372935;
96;72,8508478043506;300;7,88;43,893341271428;44,7694352893154;
96;72,8508478043506;300;7,88;44,0379889605743;48,3052903436113;
96;72,8508478043506;300;7,88;45,2674943183174;44,1044656870471;
96;72,8508478043506;300;7,88;42,4468643799656;45,3171565717643;
94;64,9919617926612;50;2,7;8,20782375186636;53,7544763178371;
94;64,9919617926612;50;2,7;8,06618744898688;51,9555009358464;
94;64,9919617926612;50;2,7;8,06618744898688;52,4087509270176;
94;64,9919617926612;50;2,7;8,20782375186636;53,4398809186387;
94;64,9919617926612;50;2,7;7,71209669178815;53,844779097835;
94;64,9919617926612;50;2,7;8,20782375186636;54,0648489599993;
94;64,9919617926612;50;2,7;7,92455114610739;54,2162431893563;
94;64,9919617926612;50;2,7;8,06618744898688;52,2962420639609;
94;64,9919617926612;75;3,33;10,9697316580164;51,1702682924757;
94;64,9919617926612;75;3,33;10,9697316580164;49,8312445710628;
94;64,9919617926612;75;3,33;11,3238224152151;51,7408577692194;
94;64,9919617926612;75;3,33;10,9697316580164;51,6008655738471;
94;64,9919617926612;75;3,33;11,0405498094561;53,5025746235748;
94;64,9919617926612;75;3,33;11,2530042637754;50,4384594445417;
94;64,9919617926612;75;3,33;11,2530042637754;50,8709336204183;
94;64,9919617926612;75;3,33;11,3946405666549;50,597438572901;
94;64,9919617926612;100;4;12,74018544401;52,000985589117;
94;64,9919617926612;100;4;12,74018544401;52,2168732101554;
94;64,9919617926612;100;4;13,023458049769;52,5764317544426;
94;64,9919617926612;100;4;12,8110035954497;51,9512638338917;
94;64,9919617926612;100;4;13,023458049769;51,1544357051005;
94;64,9919617926612;100;4;12,8110035954497;51,5883579716099;
94;64,9919617926612;100;4;12,8110035954497;51,9512638338917;
94;64,9919617926612;100;4;12,6693672925703;52,1235889503649;
94;64,9919617926612;300;7,69;35,5436302076077;47,6649006789334;
94;64,9919617926612;300;7,69;34,6938123903307;47,6213661443106;
94;64,9919617926612;300;7,69;35,3311757532884;47,6076767133441;
94;64,9919617926612;300;7,69;34,7646305417705;47,6408442186362;
94;64,9919617926612;300;7,69;35,8977209648064;48,5957979299761;
94;64,9919617926612;300;7,69;36,8891750849628;48,3584771282136;
94;64,9919617926612;300;7,69;35,0479031475295;49,5237745718383;
94;64,9919617926612;300;7,69;35,6144483590474;48,7078323543696;
94;60,0225714037677;200;3,74;18,5467642618941;52,5073163741014;
94;60,0225714037677;200;3,74;19,2549263184765;53,0944168307528;
94;60,0225714037677;200;3,74;17,6261535883369;52,9379239204965;
94;60,0225714037677;200;3,74;19,7506397580842;51,4137548442117;
94;60,0225714037677;200;3,74;19,4673749354513;51,1499112151343;
94;60,0225714037677;200;3,74;19,396558729793;51,8109530116388;
94;60,0225714037677;200;3,74;18,6883966732106;52,1446383777219;
94;60,0225714037677;200;3,74;19,3257425241348;52,4589949694707;
94;60,0225714037677;300;4,56;25,486752416402;51,2143568300078;
94;60,0225714037677;300;4,56;25,770017239035;51,7789764935636;
94;60,0225714037677;300;4,56;26,8322603239086;51,8443102965736;
94;60,0225714037677;300;4,56;28,8859302879977;53,8819979053689;
94;60,0225714037677;300;4,56;26,1949144729844;52,4077577084286;
94;60,0225714037677;300;4,56;26,6906279125921;52,2013636047863;
94;60,0225714037677;300;4,56;27,9653196144405;52,6311965698858;
94;60,0225714037677;300;4,56;27,9653196144405;52,9497493838072;
94;60,0225714037677;400;5,49;34,8344915632902;55,2393229657297;
94;60,0225714037677;400;5,49;33,7722484784165;52,9819058612948;
94;60,0225714037677;400;5,49;34,4095943293407;51,5554141933957;
94;60,0225714037677;400;5,49;36,6757129104045;50,7485714343851;
94;60,0225714037677;400;5,49;35,7551022368474;50,2213551465039;
94;60,0225714037677;400;5,49;35,8967346481638;50,0241729525903;
94;60,0225714037677;400;5,49;37,3130587613287;50,000040048836;
94;60,0225714037677;400;5,49;36,7465291160628;51,0215345663442;
94;63,006833712984;200;5;21,5909556525445;50,7102487816382;
94;63,006833712984;200;5;22,299088012418;50,5378127874338;
94;63,006833712984;200;5;22,5115277203801;50,0222882627243;
94;63,006833712984;200;5;21,9450218324812;50,354921107098;
94;63,006833712984;200;5;22,0866483044559;50,3933454006825;
94;63,006833712984;200;5;22,0158350684686;50,2397152307185;
94;63,006833712984;200;5;22,0158350684686;50,4634575183501;
94;63,006833712984;200;5;22,0158350684686;50,5079647442995;
94;63,006833712984;300;6,13;32,4961939945971;49,0876788489313;
94;63,006833712984;300;6,13;32,7794469385465;48,3202969033165;
94;63,006833712984;300;6,13;32,9210734105212;49,6823183979678;
94;63,006833712984;300;6,13;32,6378204665718;49,8086460686253;
94;63,006833712984;300;6,13;31,4339954547868;50,4415204048006;
94;63,006833712984;300;6,13;32,4253807586097;49,8269641965296;
94;63,006833712984;300;6,13;32,5670072305844;49,3257743393646;
94;63,006833712984;300;6,13;31,5048086907741;49,6959252701809;
94;63,006833712984;400;7,4;41,3478484930164;49,3119917276417;
94;63,006833712984;400;7,4;41,6311014369658;49,0894736949837;
94;63,006833712984;400;7,4;42,3392337968394;49,4827292987537;
94;63,006833712984;400;7,4;41,4186617290038;49,3740093463955;
94;63,006833712984;400;7,4;42,1267940888773;49,0066847080898;
94;63,006833712984;400;7,4;41,7019146729532;48,9279907958353;
94;63,006833712984;400;7,4;41,6311014369658;49,0894736949837;
94;63,006833712984;400;7,4;41,8435411449279;48,8296819295218;
94;64,9032275031888;100;3,85;14,4533367646151;50,9350923622591;
94;64,9032275031888;100;3,85;14,240891834219;50,7882314051927;
94;64,9032275031888;100;3,85;13,9576319270242;51,6334739046984;
94;64,9032275031888;100;3,85;14,1700768574203;50,6924223822221;
94;64,9032275031888;100;3,85;14,5241517414138;50,7615053055918;
94;64,9032275031888;100;3,85;14,5949667182125;51,4425781383891;
94;64,9032275031888;100;3,85;14,3117068110177;50,5435184832891;
94;64,9032275031888;100;3,85;14,7365966718099;51,295210632962;
94;64,9032275031888;200;5,85;24,5090634700308;50,8265573343409;
94;64,9032275031888;200;5,85;24,933953330823;50,8025899551845;
94;64,9032275031888;200;5,85;25,0047683076217;51,0871867925847;
94;64,9032275031888;200;5,85;25,1463982612191;50,8869380146756;
94;64,9032275031888;200;5,85;24,7923233772256;50,8494678083125;
94;64,9032275031888;200;5,85;24,933953330823;50,8413585998219;
94;64,9032275031888;200;5,85;25,0047683076217;51,0105809770679;
94;64,9032275031888;200;5,85;25,0047683076217;50,8180125060659;
94;64,9032275031888;300;7,63;35,2021249666348;48,6758283926209;
94;64,9032275031888;300;7,63;34,6356051522451;49,0864270066997;
94;64,9032275031888;300;7,63;33,715010453862;49,2468933732607;
94;64,9032275031888;300;7,63;34,1399003146542;49,2183732780085;
94;64,9032275031888;300;7,63;33,5733805002646;48,844507367403;
94;64,9032275031888;300;7,63;34,5647901754464;49,4873077808768;
94;64,9032275031888;300;7,63;34,7772351058425;49,2953114536635;
94;64,9032275031888;300;7,63;34,8480500826412;49,369095411747;
94;64,9032275031888;400;9,17;44,6205168808621;48,8376832473874;
94;64,9032275031888;400;9,17;43,5582922288816;48,400287489428;
94;64,9032275031888;400;9,17;44,6205168808621;48,6021293028541;
94;64,9032275031888;400;9,17;44,8329618112582;48,5940918329169;
94;64,9032275031888;400;9,17;45,116221718453;48,2930003470417;
94;64,9032275031888;400;9,17;44,408071950466;48,6102411249647;
94;64,9032275031888;400;9,17;43,6291072056803;48,5599599539179;
94;64,9032275031888;400;9,17;44,9745917648556;48,9000745088593;
95;69,952204288219;100;5;14,3217082029819;50,9938802642063;
95;69,952204288219;100;5;14,2501354483443;51,1703035610725;
95;69,952204288219;100;5;14,6795719761699;51,6673941873905;
95;69,952204288219;100;5;14,2501354483443;51,5783511636262;
95;69,952204288219;100;5;14,3932809576195;51,7637597819705;
95;69,952204288219;100;5;14,6079992215323;51,9030480431321;
95;69,952204288219;100;5;14,6079992215323;51,3781154160448;
95;69,952204288219;100;5;14,7511447308074;51,1017929154236;
95;69,952204288219;200;7,95;27,4910950562986;46,8531278297476;
95;69,952204288219;200;7,95;27,1332312831106;47,1259942944603;
95;69,952204288219;200;7,95;27,419522301661;47,4082286385582;
95;69,952204288219;200;7,95;28,4931136212249;47,8499431520463;
95;69,952204288219;200;7,95;26,4175037367347;48,1062318258533;
95;69,952204288219;200;7,95;28,2068226026745;47,547600800378;
95;69,952204288219;200;7,95;27,7058133202114;47,6817250772661;
95;69,952204288219;200;7,95;25,5586306810836;48,1226073319171;
95;69,952204288219;300;9,97;40,3741908910649;46,8127084461782;
95;69,952204288219;300;9,97;40,2310453817897;47,2575900357502;
95;69,952204288219;300;9,97;40,3741908910649;46,697584438486;
95;69,952204288219;300;9,97;39,0858813075883;47,2276077311588;
95;69,952204288219;300;9,97;40,0878998725146;47,189856409687;
95;69,952204288219;300;9,97;39,658463344689;47,3576339028115;
95;69,952204288219;300;9,97;39,7300360993266;47,6612913640729;
95;69,952204288219;300;9,97;39,5153178354138;47,3471163995503;
95;69,952204288219;400;11,49;51,1816768413411;47,3564883935644;
95;69,952204288219;400;11,49;47,6746118640992;46,9370193055008;
95;69,952204288219;400;11,49;50,680667558878;47,428540399348;
95;69,952204288219;400;11,49;49,0344942022134;46,6405779137695;
95;69,952204288219;400;11,49;51,1101040867035;46,7567079319553;
95;69,952204288219;400;11,49;51,4679678598915;46,6118675344883;
95;69,952204288219;400;11,49;48,9629214475758;46,9550600309839;
95;69,952204288219;400;11,49;51,9689771423546;47,433157500574;
94;62,9772781256797;100;3,12;12,951178711135;49,9107022033012;
94;62,9772781256797;100;3,12;12,3846974115774;50,5737356983511;
94;62,9772781256797;100;3,12;12,4555075740221;50,9945657047168;
94;62,9772781256797;100;3,12;12,1014567617987;50,921371574605;
94;62,9772781256797;100;3,12;12,6679380613562;50,237014606281;
94;62,9772781256797;100;3,12;13,0927990360244;49,9049653458766;
94;62,9772781256797;100;3,12;12,5971278989115;50,8239731651596;
94;62,9772781256797;100;3,12;12,1014567617987;50,921371574605;
94;62,9772781256797;200;4,67;22,9354116158372;49,0759951886328;
94;62,9772781256797;200;4,67;23,926753890063;48,2523834505282;
94;62,9772781256797;200;4,67;22,298120153835;49,5965158352175;
94;62,9772781256797;200;4,67;23,8559437276183;48,4055282168776;
94;62,9772781256797;200;4,67;23,2894624280607;49,1915467343136;
94;62,9772781256797;200;4,67;23,6435132402842;48,4191470191162;
94;62,9772781256797;200;4,67;23,1478421031713;49,056359800871;
94;62,9772781256797;200;4,67;22,8646014533926;47,8448815608527;
94;62,9772781256797;400;7,4;41,7709148261266;49,724149589397;
94;62,9772781256797;400;7,4;40,7795725519008;49,9053244583625;
94;62,9772781256797;400;7,4;40,4255217396773;49,5979513677209;
94;62,9772781256797;400;7,4;42,6206367754629;49,1902072703006;
94;62,9772781256797;400;7,4;40,0714709274538;49,8394351517496;
94;62,9772781256797;400;7,4;41,7001046636819;49,517994915831;
94;62,9772781256797;400;7,4;40,8503827143455;49,7196052272593;
94;62,9772781256797;400;7,4;42,3373961256841;49,3589861563223;
95;69,9582433633939;100;4,86;14,0917562676044;48,4472977610684;
95;69,9582433633939;100;4,86;14,0917562676044;49,2087852387484;
95;69,9582433633939;100;4,86;14,8074371344203;48,1606837094935;
95;69,9582433633939;100;4,86;14,5211647876939;47,6610590398275;
95;69,9582433633939;100;4,86;14,3780286143308;47,4000107678956;
95;69,9582433633939;100;4,86;14,5211647876939;48,4229067976175;
95;69,9582433633939;100;4,86;14,3780286143308;48,9313059420471;
95;69,9582433633939;100;4,86;14,8790052211019;48,9358107445927;
95;69,9582433633939;200;7,56;27,4034203903795;46,377079286192;
95;69,9582433633939;200;7,56;28,4769416906033;46,8344998303044;
95;69,9582433633939;200;7,56;27,9759650838322;46,5427854510484;
95;69,9582433633939;200;7,56;28,6916459506481;46,4336541391532;
95;69,9582433633939;200;7,56;28,190669343877;46,9631701639585;
95;69,9582433633939;200;7,56;28,2622374305586;46,4153819708955;
95;69,9582433633939;200;7,56;28,190669343877;46,9631701639585;
95;69,9582433633939;200;7,56;28,3338055172401;46,6938793295536;
95;69,9582433633939;300;9,61;39,8562674729756;47,3447262623004;
95;69,9582433633939;300;9,61;39,0690185194781;46,9486341534202;
95;69,9582433633939;300;9,61;40,2141079063835;46,2903852632244;
95;69,9582433633939;300;9,61;39,0690185194781;46,0479318470267;
95;69,9582433633939;300;9,61;38,8543142594334;45,7301665094624;
95;69,9582433633939;300;9,61;42,1464462467864;46,0709942374928;
95;69,9582433633939;300;9,61;39,9278355596572;45,4790566873852;
95;69,9582433633939;300;9,61;40,5003802531099;45,908042392701;
95;69,9582433633939;400;11,18;51,736569862119;46,6650958140891;
95;69,9582433633939;400;11,18;51,5218656020742;45,7402620242916;
95;69,9582433633939;400;11,18;51,0924570819847;46,1924893167687;
95;69,9582433633939;400;11,18;51,5934336887558;47,2582957704952;
95;69,9582433633939;400;11,18;51,8797060354822;46,7425374756945;
95;69,9582433633939;400;11,18;51,5218656020742;47,0207278172287;
95;69,9582433633939;400;11,18;51,0924570819847;46,8802717285697;
95;69,9582433633939;400;11,18;51,8081379488006;46,5913167240546;
92,7;58,0015375117542;100;2,89;11,1665978479025;47,2435570237968;
92,7;58,0015375117542;100;2,89;11,0967629645511;48,1423138835809;
92,7;58,0015375117542;100;2,89;11,0269280811996;48,8387315318199;
92,7;58,0015375117542;100;2,89;11,376102497957;47,7811794586264;
92,7;58,0015375117542;100;2,89;11,4459373813085;48,2872904713344;
92,7;58,0015375117542;100;2,89;11,51577226466;47,5129740105818;
92,7;58,0015375117542;100;2,89;11,376102497957;49,0481872360601;
92,7;58,0015375117542;100;2,89;11,5856071480115;48,1098481428015;
92,7;58,0015375117542;200;4,62;20,1054629168927;48,9100966910345;
92,7;58,0015375117542;200;4,62;20,2451326835957;48,7567292493392;
92,7;58,0015375117542;200;4,62;20,2451326835957;48,5551824617259;
92,7;58,0015375117542;200;4,62;20,2451326835957;48,4029788595417;
92,7;58,0015375117542;200;4,62;20,1054629168927;49,1102530213341;
92,7;58,0015375117542;200;4,62;20,0356280335412;48,3769114859277;
92,7;58,0015375117542;200;4,62;19,8959582668382;48,8896520791176;
92,7;58,0015375117542;200;4,62;20,3848024502986;48,2002682324174;
92,7;58,0015375117542;300;6;28,6253186857739;48,5203578922531;
92,7;58,0015375117542;300;6;27,8571349689076;48,8336652685181;
92,7;58,0015375117542;300;6;28,0666396189621;48,8126643443859;
92,7;58,0015375117542;300;6;27,7174652022046;49,0902024193403;
92,7;58,0015375117542;300;6;27,7873000855561;48,5965933560547;
92,7;58,0015375117542;300;6;27,5777954355017;48,6903258280912;
92,7;58,0015375117542;300;6;28,1364745023135;49,2936342331879;
92,7;58,0015375117542;300;6;28,206309385665;49,2739022997829;
92,7;58,0015375117542;400;7,2;37,0055046879522;48,2224623815701;
92,7;58,0015375117542;400;7,2;35,2596326041651;49,573179390617;
92,7;58,0015375117542;400;7,2;36,5864953878433;49,3571137291807;
92,7;58,0015375117542;400;7,2;35,9579814376799;50,2271003228768;
92,7;58,0015375117542;400;7,2;36,1674860877344;49,119528930866;
92,7;58,0015375117542;400;7,2;35,678641904274;49,2547561063427;
92,7;58,0015375117542;400;7,2;35,4691372542195;50,1019670669759;
92,7;58,0015375117542;400;7,2;35,399302370868;50,469836160064;
96;66,9064748201439;100;2,14;14,9628555899775;51,020008691497;
96;66,9064748201439;100;2,14;15,4690904335244;50,0499507662302;
96;66,9064748201439;100;2,14;15,3967711701605;50,215921701667;
96;66,9064748201439;100;2,14;15,1074941167052;50,4784256243634;
96;66,9064748201439;100;2,14;15,0351748533414;50,5793393107778;
96;66,9064748201439;100;2,14;15,3967711701605;50,283471333008;
96;66,9064748201439;100;2,14;15,4690904335244;50,1851335787709;
96;66,9064748201439;100;2,14;15,4690904335244;50,0499507662302;
96;66,9064748201439;200;2,94;26,9678533083742;49,2264027990425;
96;66,9064748201439;200;2,94;27,4017688885572;49,3314259453755;
96;66,9064748201439;200;2,94;26,9678533083742;48,9436540477245;
96;66,9064748201439;200;2,94;26,4616184648273;48,7607044279872;
96;66,9064748201439;200;2,94;26,9678533083742;48,9436540477245;
96;66,9064748201439;200;2,94;27,1848110984657;49,139826387456;
96;66,9064748201439;200;2,94;26,606256991555;48,9788045338967;
96;66,9064748201439;200;2,94;26,4616184648273;49,0096402769201;
96;66,9064748201439;300;3,49;37,3095079694026;49,176420769726;
96;66,9064748201439;300;3,49;38,1773391297687;48,900984922457;
96;66,9064748201439;300;3,49;37,7434235495857;49,1672773845048;
96;66,9064748201439;300;3,49;36,9479116525835;49,4374527735983;
96;66,9064748201439;300;3,49;38,1050198664048;48,8827823279841;
96;66,9064748201439;300;3,49;37,6711042862218;48,9759156494793;
96;66,9064748201439;300;3,49;37,8880620763133;48,9435842712285;
96;66,9064748201439;300;3,49;37,6711042862218;48,8886452657555;
96;66,9064748201439;400;3,96;47,7958011571588;49,1533445310696;
96;66,9064748201439;400;3,96;46,4217351532459;50,3933633644329;
96;66,9064748201439;400;3,96;44,2521572523308;49,2966586153341;
96;66,9064748201439;400;3,96;52,7135110658996;50,9397399262287;
96;66,9064748201439;400;3,96;49,2421864244355;49,2041346171209;
96;66,9064748201439;400;3,96;43,6012838820563;49,8007265909464;
96;66,9064748201439;400;3,96;48,2297167373418;50,2485495317344;
96;66,9064748201439;400;3,96;45,9878195730629;49,4963766307722;
92,7;59,9860821155184;100;3,89;11,2373441558258;50,8711189503114;
92,7;59,9860821155184;100;3,89;11,5167063473939;50,1557995208032;
92,7;59,9860821155184;100;3,89;11,4468657995019;51,2742455689426;
92,7;59,9860821155184;100;3,89;11,4468657995019;50,4580687778026;
92,7;59,9860821155184;100;3,89;11,5167063473939;50,9769560361112;
92,7;59,9860821155184;100;3,89;11,7960685389619;49,7877979047858;
92,7;59,9860821155184;100;3,89;11,1675036079338;50,8437581704645;
92,7;59,9860821155184;100;3,89;11,5865468952859;50,3525001119252;
92,7;59,9860821155184;200;6;20,5261370254643;49,4898571663111;
92,7;59,9860821155184;200;6;20,6658181212483;48,5086215349754;
92,7;59,9860821155184;200;6;20,5261370254643;49,3451289633493;
92,7;59,9860821155184;200;6;20,6658181212483;49,0004207562268;
92,7;59,9860821155184;200;6;20,8054992170323;48,6557125491043;
92,7;59,9860821155184;200;6;20,6658181212483;49,0004207562268;
92,7;59,9860821155184;200;6;20,8753397649244;48,7282094035015;
92,7;59,9860821155184;200;6;20,8054992170323;48,6557125491043;
92,7;59,9860821155184;300;7,97;29,5355677035347;49,021835494545;
92,7;59,9860821155184;300;7,97;29,8149298951027;48,1935902821919;
92,7;59,9860821155184;300;7,97;29,1165244161826;48,0085806592299;
92,7;59,9860821155184;300;7,97;29,3958866077506;48,2253559837704;
92,7;59,9860821155184;300;7,97;29,1165244161826;48,0085806592299;
92,7;59,9860821155184;300;7,97;28,9768433203985;47,8979302065156;
92,7;59,9860821155184;300;7,97;30,1641326345628;47,936937219423;
92,7;59,9860821155184;300;7,97;29,8149298951027;47,8428359848472;
92,7;59,9860821155184;400;9,74;37,0783468758727;50,2836404364516;
92,7;59,9860821155184;400;9,74;37,3577090674408;50,9276848679856;
92,7;59,9860821155184;400;9,74;38,6148389294971;49,0951891324553;
92,7;59,9860821155184;400;9,74;38,195795642145;49,8267916513392;
92,7;59,9860821155184;400;9,74;43,7131989256144;41,3873244474949;
92,7;59,9860821155184;400;9,74;38,335476737929;49,6433094485648;
92,7;59,9860821155184;400;9,74;37,0085063279807;50,6334692139757;
92,7;59,9860821155184;400;9,74;36,8688252321966;49,7827830049173;
92,7;55,0059832469087;100;2,17;9,70072564284093;53,3229175852653;
92,7;55,0059832469087;100;2,17;9,56104636792601;53,1220539144792;
92,7;55,0059832469087;100;2,17;9,56104636792601;53,8230325475337;
92,7;55,0059832469087;100;2,17;9,28168781809618;56,4739632526619;
92,7;55,0059832469087;100;2,17;9,77056528029838;53,8463416973783;
92,7;55,0059832469087;100;2,17;9,84040491775584;53,431302332682;
92,7;55,0059832469087;100;2,17;9,70072564284093;55,0795819772177;
92,7;55,0059832469087;100;2,17;9,49120673046855;54,3310619138773;
92,7;55,0059832469087;200;3,32;17,8719632253635;51,2363675492785;
92,7;55,0059832469087;200;3,32;17,5926046755337;52,6486160504718;
92,7;55,0059832469087;200;3,32;17,8719632253635;51,4414722073257;
92,7;55,0059832469087;200;3,32;17,7322839504486;51,9220941645434;
92,7;55,0059832469087;200;3,32;17,8719632253635;51,6448587111694;
92,7;55,0059832469087;200;3,32;17,8719632253635;51,7459143878441;
92,7;55,0059832469087;200;3,32;17,5227650380762;52,1891544279562;
92,7;55,0059832469087;200;3,32;18,2910010501083;52,1155958057117;
92,7;55,0059832469087;300;4,39;25,2749647958541;52,2255373650936;
92,7;55,0059832469087;300;4,39;25,6940026205988;52,7470196221735;
92,7;55,0059832469087;300;4,39;25,5543233456839;53,0707023729899;
92,7;55,0059832469087;300;4,39;25,414644070769;52,3103804709077;
92,7;55,0059832469087;300;4,39;25,6241629831414;52,942445205384;
92,7;55,0059832469087;300;4,39;25,8336818955137;52,8924819333173;
92,7;55,0059832469087;300;4,39;25,2051251583966;53,0445331023104;
92,7;55,0059832469087;300;4,39;25,3448044333115;52,7843199302534;
92,7;55,0059832469087;400;5,35;33,0970041910894;52,6735097277643;
92,7;55,0059832469087;400;5,35;33,5160420158341;52,5989518714509;
92,7;55,0059832469087;400;5,35;32,8176456412596;52,5477691199531;
92,7;55,0059832469087;400;5,35;33,2366834660043;52,7353419969328;
92,7;55,0059832469087;400;5,35;33,4462023783767;52,6458865227191;
92,7;55,0059832469087;400;5,35;33,1668438285468;52,5998751345401;
92,7;55,0059832469087;400;5,35;33,8652402031214;52,8788346230657;
92,7;55,0059832469087;400;5,35;33,9350798405789;53,0345677880083;
94;67,6945668135096;100;5,46;15,0072103650211;50,2152754944963;
94;67,6945668135096;100;5,46;14,7239218258041;50,8945468276266;
94;67,6945668135096;100;5,46;14,7239218258041;50,4985351084946;
94;67,6945668135096;100;5,46;14,7947439606083;49,3065233167843;
94;67,6945668135096;100;5,46;14,7239218258041;49,892394722068;
94;67,6945668135096;100;5,46;14,7239218258041;50,2981243194602;
94;67,6945668135096;100;5,46;14,9363882302168;49,8516319762653;
94;67,6945668135096;100;5,46;14,9363882302168;49,7166430986779;
94;67,6945668135096;200;8,59;25,2764199116377;48,3884435102628;
94;67,6945668135096;200;8,59;25,5597084508547;49,4602773930452;
94;67,6945668135096;200;8,59;25,4180641812462;48,5194713369531;
94;67,6945668135096;200;8,59;26,4095740685057;48,1487234761326;
94;67,6945668135096;200;8,59;25,4888863160504;48,7906819290519;
94;67,6945668135096;200;8,59;25,3472420464419;48,24383281682;
94;67,6945668135096;200;8,59;25,8429969900717;48,4929549835318;
94;67,6945668135096;200;8,59;25,9846412596802;48,6200492532787;
94;67,6945668135096;300;11,16;36,4663172107095;48,3209312091881;
94;67,6945668135096;300;11,16;36,8912500195351;48,39124999296;
94;67,6945668135096;300;11,16;36,2538508062968;48,6220327946852;
94;67,6945668135096;300;11,16;36,1122065366883;48,4135831419499;
94;67,6945668135096;300;11,16;37,3870049631648;48,190314842737;
94;67,6945668135096;300;11,16;36,6787836151223;48,2543707195796;
94;67,6945668135096;300;11,16;36,5371393455138;49,0859584873257;
94;67,6945668135096;300;11,16;36,3954950759053;48,4212984043538;
94;67,6945668135096;400;13,19;47,3021038357602;50,3911045558487;
94;67,6945668135096;400;13,19;48,0103251838027;48,7894683884968;
94;67,6945668135096;400;13,19;47,1604595661517;48,3750899626408;
94;67,6945668135096;400;13,19;46,9479931617389;48,6076695243048;
94;67,6945668135096;400;13,19;47,8686809141942;48,6118453089956;
94;67,6945668135096;400;13,19;44,8233291176113;49,8357797973421;
94;67,6945668135096;400;13,19;47,5853923749772;48,3619054090367;
94;67,6945668135096;400;13,19;47,0188152965432;48,3719827759302;
95;70,9969788519637;100;5,83;17,7427349287556;46,2919506616832;
95;70,9969788519637;100;5,83;17,5280184915379;46,3427565246401;
95;70,9969788519637;100;5,83;17,1701577628417;46,1546077268732;
95;70,9969788519637;100;5,83;17,4564463457986;46,5618551096763;
95;70,9969788519637;100;5,83;17,1701577628417;47,1731208215729;
95;70,9969788519637;100;5,83;17,0985856171025;46,240858741986;
95;70,9969788519637;100;5,83;17,1701577628417;46,0853086377186;
95;70,9969788519637;100;5,83;17,5280184915379;47,6562753367664;
95;70,9969788519637;200;9,08;29,9815718501642;47,2229605876559;
95;70,9969788519637;200;9,08;30,3394325788603;45,8507063007476;
95;70,9969788519637;200;9,08;29,1942782470326;48,6458981034631;
95;70,9969788519637;200;9,08;30,6972933075565;45,6098821000383;
95;70,9969788519637;200;9,08;30,6972933075565;46,3885523634594;
95;70,9969788519637;200;9,08;30,554149016078;46,2538217709448;
95;70,9969788519637;200;9,08;30,3394325788603;45,8507063007476;
95;70,9969788519637;200;9,08;31,0551540362527;46,149040362746;
95;70,9969788519637;300;11,47;41,7194037513982;46,6245860102687;
95;70,9969788519637;300;11,47;42,0056923343551;46,4268683912635;
95;70,9969788519637;300;11,47;42,4351252087905;45,7088986884342;
95;70,9969788519637;300;11,47;42,6498416460082;46,8283112325103;
95;70,9969788519637;300;11,47;42,7214137917474;45,5993650885954;
95;70,9969788519637;300;11,47;43,508707394879;46,3062955056836;
95;70,9969788519637;300;11,47;42,6498416460082;45,7188341585929;
95;70,9969788519637;300;11,47;42,0056923343551;46,5386537467329;
95;70,9969788519637;400;13,29;49,5923397827137;49,9398893551761;
95;70,9969788519637;400;13,29;54,4592456929815;48,2393633256097;
95;70,9969788519637;400;13,29;54,0298128185461;47,4184982411181;
95;70,9969788519637;400;13,29;53,1709470696753;46,3275274959739;
95;70,9969788519637;400;13,29;54,0298128185461;46,565940450135;
95;70,9969788519637;400;13,29;53,6719520898499;45,8217968356856;
95;70,9969788519637;400;13,29;54,6023899844599;46,2176836949101;
95;70,9969788519637;400;13,29;53,8150963813284;47,8355342897515;